# NAME_FREQUENCY.tsv - real-world first-name frequency, the denominator for check-names.py
#
# tier A = SSA national top 20 (Social Security Administration, births 1926-2025)
# tier B = Nameberry top 100 girls + top 100 boys, 2025 (pageview-derived)
#
# A is a FAIL, B is a WARN. See NAME_FREQUENCY.md for why B is not a failure:
# a popular name is only a defect when it is anachronistic for the character, and a
# gate cannot know when a character was born. The author rules on B.
#
# This file is read offline and is itself frozen, so a gate result is attributable to a
# fixed list rather than to whatever a website served on the day of the run.
# Provenance and the reasoning above: calibration/NAME_FREQUENCY.md
#
# name	tier
Olivia	A
Emma	A
Ava	A
Sophia	A
Mia	A
Isabella	A
Amelia	A
Charlotte	A
Luna	A
Evelyn	A
Liam	A
Noah	A
Oliver	A
Elijah	A
Mateo	A
James	A
Lucas	A
Henry	A
Theodore	A
William	A
Maeve	B
Eloise	B
Daphne	B
Isla	B
Aurelia	B
Hazel	B
Phoebe	B
Esme	B
Violet	B
Elodie	B
Eleanor	B
Lucy	B
Iris	B
Clara	B
Imogen	B
Alice	B
Aurora	B
Nora	B
Ophelia	B
Cora	B
Mabel	B
Freya	B
Josephine	B
Mae	B
Margot	B
Genevieve	B
Beatrice	B
Penelope	B
Ruby	B
Matilda	B
Lily	B
Sylvie	B
Claire	B
Elizabeth	B
Sadie	B
Elowen	B
Evangeline	B
Audrey	B
Cordelia	B
Ivy	B
Astrid	B
Lyra	B
Caroline	B
Thea	B
Stella	B
Clementine	B
Grace	B
Cecilia	B
Mira	B
Eliza	B
Elsie	B
Ada	B
Romy	B
Ottilie	B
Rose	B
Sophie	B
Seraphina	B
Florence	B
Sienna	B
Lydia	B
Maisie	B
Chloe	B
Celeste	B
Lila	B
Jane	B
Wren	B
Quinn	B
Adelaide	B
Avery	B
Flora	B
Juniper	B
Daisy	B
Ayla	B
Arabella	B
Margaret	B
Etta	B
Colette	B
Elena	B
Vera	B
Maya	B
Lola	B
Vivian	B
Odette	B
Ella	B
Adeline	B
Delilah	B
Willa	B
Cleo	B
Naomi	B
Eliana	B
Silas	B
Rowan	B
Felix	B
August	B
Milo	B
Finn	B
Jude	B
Arlo	B
Arthur	B
Soren	B
Callum	B
Atticus	B
Oscar	B
Everett	B
Caspian	B
Ezra	B
Asher	B
Leo	B
Miles	B
Kai	B
Hugo	B
Atlas	B
Jasper	B
Ellis	B
Owen	B
Otto	B
Alexander	B
Rory	B
Julian	B
Cassian	B
Kit	B
Sebastian	B
Elio	B
Emmett	B
Elias	B
Finley	B
Jack	B
Cyrus	B
Luca	B
Nolan	B
Archer	B
Theo	B
Cameron	B
Rhys	B
Wyatt	B
Enzo	B
Nico	B
Levi	B
Nathaniel	B
Thomas	B
Llewellyn	B
Ethan	B
Ambrose	B
Graham	B
Wesley	B
Ronan	B
Rafferty	B
Micah	B
Simon	B
Kieran	B
Logan	B
Phineas	B
Vincent	B
Elliott	B
Cosmo	B
Leon	B
Elliot	B
Calvin	B
Isaac	B
Bennett	B
Caleb	B
Zephyr	B
Beckett	B
Sawyer	B
George	B
Samuel	B
Amias	B
Remy	B
Beau	B
Ozias	B
Orion	B
Gabriel	B
Charlie	B
Nael	B
Lucian	B
Lachlan	B
Cassius	B
Brooks	B
Benjamin	B
Louis	B
